{"Shenzhen":
  {
    "布心站" : [
      114.138045,
      22.580986,
      0
    ],
    "荷坳站" : [
      114.22431,
      22.673079,
      0
    ],
    "车公庙站" : [
      114.02583,
      22.536247,
      0
    ],
    "竹子林站" : [
      114.013917,
      22.533357,
      0
    ],
    "塘朗站" : [
      113.999666,
      22.590097,
      0
    ],
    "后瑞站" : [
      113.835449,
      22.628835,
      0
    ],
    "塘坑站" : [
      114.192725,
      22.639179,
      0
    ],
    "购物公园站" : [
      114.054581,
      22.534655,
      0
    ],
    "莲花村站" : [
      114.067829,
      22.548646,
      0
    ],
    "民治站" : [
      114.04085,
      22.617545,
      0
    ],
    "市民中心站" : [
      114.061192,
      22.541744,
      0
    ],
    "翠竹站" : [
      114.130039,
      22.556281,
      0
    ],
    "登良站" : [
      113.937602,
      22.509146,
      0
    ],
    "丹竹头站" : [
      114.148054,
      22.619752,
      0
    ],
    "新安站" : [
      113.894625,
      22.547468,
      0
    ],
    "爱联站" : [
      114.234423,
      22.697495,
      0
    ],
    "景田站" : [
      114.043628,
      22.553438,
      0
    ],
    "红山站" : [
      114.023507,
      22.62195,
      0
    ],
    "侨城东站" : [
      113.996651,
      22.532406,
      0
    ],
    "国贸站" : [
      114.118909,
      22.53968,
      0
    ],
    "长龙站" : [
      114.113825,
      22.608053,
      0
    ],
    "龙华站" : [
      116.021398,
      37.611035,
      0
    ],
    "上水径站" : [
      114.10566,
      22.621812,
      0
    ],
    "临海站" : [
      121.246225,
      28.879883,
      0
    ],
    "机场东站" : [
      113.822514,
      22.647215,
      0
    ],
    "吉祥站" : [
      114.244318,
      22.709488,
      0
    ],
    "永湖站" : [
      114.218042,
      22.658995,
      0
    ],
    "罗湖站" : [
      114.117206,
      22.53183,
      0
    ],
    "香蜜站" : [
      114.023851,
      22.552772,
      0
    ],
    "燕南站" : [
      114.092561,
      22.544541,
      0
    ],
    "大运站" : [
      114.228163,
      22.68572,
      0
    ],
    "百鸽笼站" : [
      114.130454,
      22.595364,
      0
    ],
    "留仙洞站" : [
      113.943543,
      22.580534,
      0
    ],
    "兴东站" : [
      113.919013,
      22.581822,
      0
    ],
    "会展中心站" : [
      114.061101,
      22.534769,
      0
    ],
    "大学城站" : [
      113.965307,
      22.581946,
      0
    ],
    "鲤鱼门站" : [
      113.903079,
      22.532005,
      0
    ],
    "深大站" : [
      113.931824,
      22.533819,
      0
    ],
    "固戍站" : [
      113.865952,
      22.601645,
      0
    ],
    "翻身站" : [
      113.893232,
      22.55969,
      0
    ],
    "白石龙站" : [
      114.04249,
      22.601574,
      0
    ],
    "晒布站" : [
      114.122664,
      22.549238,
      0
    ],
    "香梅北站" : [
      114.032716,
      22.55386,
      0
    ],
    "龙胜站" : [
      114.01201,
      22.644739,
      0
    ],
    "福田站" : [
      114.056625,
      22.540088,
      0
    ],
    "洪浪北站" : [
      113.910585,
      22.574543,
      0
    ],
    "大芬站" : [
      114.138364,
      22.614191,
      0
    ],
    "桃园站" : [
      113.924857,
      22.532357,
      0
    ],
    "莲花北站" : [
      114.059402,
      22.560538,
      0
    ],
    "世界之窗站" : [
      113.97426,
      22.53692,
      0
    ],
    "海月站" : [
      113.937689,
      22.500398,
      0
    ],
    "五和站" : [
      114.060681,
      22.626833,
      0
    ],
    "坂田站" : [
      114.053004,
      22.624739,
      0
    ],
    "水贝站" : [
      114.124974,
      22.573988,
      0
    ],
    "黄贝岭站" : [
      114.13684,
      22.546172,
      0
    ],
    "海上世界站" : [
      113.915111,
      22.485101,
      0
    ],
    "益田站" : [
      114.051204,
      22.51638,
      0
    ],
    "科学馆站" : [
      114.094946,
      22.540618,
      0
    ],
    "华侨城站" : [
      113.985369,
      22.533489,
      0
    ],
    "深圳北站" : [
      114.02887,
      22.609235,
      0
    ],
    "灵芝站" : [
      113.904158,
      22.568964,
      0
    ],
    "新秀站" : [
      114.148765,
      22.547688,
      0
    ],
    "莲花西站" : [
      114.050034,
      22.546668,
      0
    ],
    "华新站" : [
      114.086747,
      22.54898,
      0
    ],
    "大剧院站" : [
      114.108171,
      22.542002,
      0
    ],
    "安托山站" : [
      114.006282,
      22.548784,
      0
    ],
    "岗厦北站" : [
      114.06924,
      22.540937,
      0
    ],
    "水湾站" : [
      113.919686,
      22.488389,
      0
    ],
    "湾厦站" : [
      113.938604,
      22.493353,
      0
    ],
    "少年宫站" : [
      114.06017,
      22.548627,
      0
    ],
    "大新站" : [
      112.492802,
      39.348494,
      0
    ],
    "东角头站" : [
      113.931149,
      22.486325,
      0
    ],
    "香蜜湖站" : [
      114.038637,
      22.538887,
      0
    ],
    "岗厦站" : [
      114.06819,
      22.534854,
      0
    ],
    "太安站" : [
      114.137119,
      22.573466,
      0
    ],
    "赤湾站" : [
      113.898725,
      22.479473,
      0
    ],
    "福民站" : [
      114.064821,
      22.523136,
      0
    ],
    "长岭陂站" : [
      114.010275,
      22.599395,
      0
    ],
    "白石洲站" : [
      113.967048,
      22.539604,
      0
    ],
    "蛇口港站" : [
      113.912331,
      22.476626,
      0
    ],
    "石厦站" : [
      114.053616,
      22.523708,
      0
    ],
    "高新园站" : [
      113.953842,
      22.540236,
      0
    ],
    "南联站" : [
      114.26803,
      22.704453,
      0
    ],
    "后海站" : [
      113.940253,
      22.517349,
      0
    ],
    "红树湾站" : [
      113.968432,
      22.525142,
      0
    ],
    "六约站" : [
      114.180646,
      22.634322,
      0
    ],
    "红岭站" : [
      114.103231,
      22.549187,
      0
    ],
    "清湖站" : [
      114.036538,
      22.664085,
      0
    ],
    "华强北站" : [
      114.085413,
      22.544441,
      0
    ],
    "田贝站" : [
      114.130052,
      22.56728,
      0
    ],
    "坪洲站" : [
      113.870711,
      22.568908,
      0
    ],
    "老街站" : [
      114.116939,
      22.544232,
      0
    ],
    "湖贝站" : [
      114.125437,
      22.544287,
      0
    ],
    "西乡站" : [
      113.863048,
      22.575149,
      0
    ],
    "横岗站" : [
      114.208994,
      22.648442,
      0
    ],
    "宝体站" : [
      113.880641,
      22.560741,
      0
    ],
    "通新岭站" : [
      114.096273,
      22.549126,
      0
    ],
    "怡景站" : [
      114.140115,
      22.555856,
      0
    ],
    "侨香站" : [
      114.014378,
      22.549784,
      0
    ],
    "宝华站" : [
      113.885161,
      22.549637,
      0
    ],
    "西丽站" : [
      113.943442,
      22.565423,
      0
    ],
    "前海湾站" : [
      113.897939,
      22.537122,
      0
    ],
    "草埔站" : [
      114.1165,
      22.584447,
      0
    ],
    "杨美站" : [
      114.079975,
      22.626777,
      0
    ],
    "下水径站" : [
      114.110662,
      22.614833,
      0
    ],
    "双龙站" : [
      107.457157,
      31.298854,
      0
    ],
    "民乐站" : [
      114.048809,
      22.594144,
      0
    ],
    "福田口岸站" : [
      114.069273,
      22.515737,
      0
    ],
    "龙城广场站" : [
      114.254592,
      22.716915,
      0
    ],
    "华强路站" : [
      114.085133,
      22.540459,
      0
    ],
    "宝安中心站" : [
      113.886581,
      22.555265,
      0
    ],
    "布吉站" : [
      114.121571,
      22.601765,
      0
    ],
    "深康站" : [
      113.999114,
      22.546239,
      0
    ],
    "上塘站" : [
      114.012808,
      22.637134,
      0
    ],
    "木棉湾站" : [
      114.130293,
      22.606997,
      0
    ],
    "侨城北站" : [
      113.989148,
      22.543992,
      0
    ],
    "科苑站" : [
      113.946195,
      22.527019,
      0
    ],
    "上梅林站" : [
      114.05944,
      22.570462,
      0
    ]
  }
}
